{
  "best_cv_test_accuracy": 0.6738148984198645,
  "best_cv_train_accuracy": 0.6927120669056153,
  "best_params": {
    "classifier__kernel_size": "5,1",
    "classifier__num_filters": 18,
    "classifier__stride": "3,1"
  },
  "test_accuracy": 0.6007331013679504,
  "train_accuracy": 0.6902509331703186
}