{
  "best_cv_test_accuracy": 0.7041515517936316,
  "best_cv_train_accuracy": 0.6550819034657075,
  "best_params": {
    "classifier__kernel_size": "5,1",
    "classifier__num_filters": 96,
    "classifier__stride": "5,1"
  },
  "test_accuracy": 0.6500705480575562,
  "train_accuracy": 0.6830382347106934
}