{
  "best_cv_test_accuracy": 0.6930553779255659,
  "best_cv_train_accuracy": 0.8150135472560166,
  "best_params": {
    "classifier__alpha": 19.160705301695778,
    "classifier__class_weight": "balanced",
    "minirocket__num_kernels": 10001
  },
  "test_accuracy": 0.5523560209424084,
  "train_accuracy": 0.7904061256662412
}